{
    "boundingBox": {
        "origin": {
            "x": 238,
            "y": 67.66666412353516
        },
        "size": {
            "height": 191.3333282470703,
            "width": 168.6666717529297
        }
    },
    "cornerPoints": [
        {
            "x": 259,
            "y": 242
        },
        {
            "x": 254.6666717529297,
            "y": 406.6666564941406
        },
        {
            "x": 67.66666412353516,
            "y": 402.6666564941406
        },
        {
            "x": 72,
            "y": 238
        }
    ],
    "data": "Hello",
    "target": 435,
    "type": 256
}